{"psnr": 23.829425811767578, "mse": 0.006822815630584955, "fid": 1.3211767673492432}